{"stats":{"minecraft:custom":{"minecraft:interact_with_furnace":13,"minecraft:mob_kills":38,"minecraft:animals_bred":1,"minecraft:interact_with_crafting_table":20,"minecraft:interact_with_campfire":4,"minecraft:leave_game":1,"minecraft:time_since_death":52568,"minecraft:sleep_in_bed":2,"minecraft:climb_one_cm":123,"minecraft:time_since_rest":9609,"minecraft:sprint_one_cm":105324,"minecraft:damage_taken":731,"minecraft:walk_one_cm":125185,"minecraft:drop":13,"minecraft:damage_dealt":6474,"minecraft:swim_one_cm":82860,"minecraft:fly_one_cm":184716,"minecraft:open_chest":1,"minecraft:crouch_one_cm":56549,"minecraft:play_time":52568,"minecraft:sneak_time":14581,"minecraft:walk_under_water_one_cm":18337,"minecraft:boat_one_cm":65185,"minecraft:jump":1078,"minecraft:interact_with_blast_furnace":1,"minecraft:walk_on_water_one_cm":16831,"minecraft:total_world_time":52568,"minecraft:fall_one_cm":21892},"minecraft:mined":{"minecraft:tuff":7,"minecraft:acacia_leaves":5,"minecraft:white_bed":3,"minecraft:deepslate_diamond_ore":34,"minecraft:crafting_table":10,"minecraft:torch":3,"minecraft:short_grass":5,"minecraft:blast_furnace":1,"minecraft:acacia_log":9,"minecraft:cobblestone":8,"minecraft:deepslate_gold_ore":1,"minecraft:diorite":1,"minecraft:wall_torch":17,"minecraft:hay_block":36,"minecraft:magma_block":1,"minecraft:coarse_dirt":1,"minecraft:furnace":2,"minecraft:iron_ore":25,"minecraft:coal_ore":35,"minecraft:deepslate_iron_ore":24,"minecraft:purple_carpet":5,"minecraft:dirt":10,"minecraft:stone":197,"minecraft:oak_leaves":2,"minecraft:deepslate":58},"minecraft:broken":{"minecraft:stone_pickaxe":1},"minecraft:dropped":{"minecraft:stone_sword":1,"minecraft:cobbled_deepslate":1,"minecraft:diamond":3,"minecraft:tuff":7,"minecraft:leather":2,"minecraft:diorite":1,"minecraft:spider_eye":3,"minecraft:stone_pickaxe":1,"minecraft:raw_gold":1,"minecraft:sugar":1,"minecraft:black_wool":2},"minecraft:killed":{"minecraft:wolf":1,"minecraft:pig":4,"minecraft:witch":1,"minecraft:spider":3,"minecraft:creeper":1,"minecraft:sheep":2,"minecraft:skeleton":8,"minecraft:zombie":14,"minecraft:cow":3},"minecraft:used":{"minecraft:acacia_boat":1,"minecraft:stone_sword":30,"minecraft:stone_pickaxe":240,"minecraft:wooden_pickaxe":22,"minecraft:rotten_flesh":3,"minecraft:torch":45,"minecraft:dirt":4,"minecraft:crafting_table":10,"minecraft:white_bed":2,"minecraft:acacia_sapling":3,"minecraft:bread":6,"minecraft:iron_pickaxe":148,"minecraft:wooden_sword":16,"minecraft:diamond_sword":122,"minecraft:cobblestone":159,"minecraft:porkchop":3,"minecraft:furnace":3,"minecraft:cooked_porkchop":3,"minecraft:cooked_beef":3,"minecraft:coarse_dirt":1,"minecraft:diamond_leggings":1},"minecraft:picked_up":{"minecraft:magma_block":1,"minecraft:coarse_dirt":1,"minecraft:crafting_table":10,"minecraft:leather":2,"minecraft:tuff":7,"minecraft:acacia_boat":1,"minecraft:string":4,"minecraft:dirt":10,"minecraft:purple_carpet":3,"minecraft:bone":9,"minecraft:acacia_planks":2,"minecraft:wheat_seeds":1,"minecraft:cobbled_deepslate":65,"minecraft:raw_gold":1,"minecraft:beef":5,"minecraft:acacia_sapling":3,"minecraft:furnace":2,"minecraft:stick":1,"minecraft:raw_iron":49,"minecraft:cooked_porkchop":3,"minecraft:torch":34,"minecraft:acacia_log":9,"minecraft:porkchop":16,"minecraft:blast_furnace":1,"minecraft:diorite":1,"minecraft:white_bed":3,"minecraft:spider_eye":3,"minecraft:sugar":1,"minecraft:arrow":9,"minecraft:rotten_flesh":8,"minecraft:diamond":38,"minecraft:hay_block":37,"minecraft:white_wool":3,"minecraft:black_wool":2,"minecraft:mutton":7,"minecraft:coal":35,"minecraft:cobblestone":206},"minecraft:crafted":{"minecraft:cooked_beef":3,"minecraft:wooden_sword":1,"minecraft:diamond_sword":1,"minecraft:crafting_table":1,"minecraft:wooden_pickaxe":1,"minecraft:furnace":2,"minecraft:hay_block":15,"minecraft:acacia_boat":1,"minecraft:bread":66,"minecraft:air":0,"minecraft:diamond_leggings":1,"minecraft:iron_boots":1,"minecraft:stick":24,"minecraft:iron_ingot":7,"minecraft:iron_pickaxe":1,"minecraft:stone_pickaxe":2,"minecraft:stone_sword":1,"minecraft:acacia_planks":36,"minecraft:torch":32,"minecraft:diamond_chestplate":1,"minecraft:wheat":333}},"DataVersion":3839}