{"stats":{"minecraft:custom":{"minecraft:mob_kills":55,"minecraft:animals_bred":2,"minecraft:interact_with_crafting_table":27,"minecraft:interact_with_campfire":4,"minecraft:leave_game":2,"minecraft:time_since_death":4965,"minecraft:climb_one_cm":921,"minecraft:sprint_one_cm":207952,"minecraft:walk_one_cm":235983,"minecraft:drop":13,"minecraft:talked_to_villager":1,"minecraft:play_time":94429,"minecraft:deaths":2,"minecraft:sneak_time":20370,"minecraft:walk_under_water_one_cm":25578,"minecraft:boat_one_cm":65185,"minecraft:jump":1808,"minecraft:interact_with_blast_furnace":6,"minecraft:walk_on_water_one_cm":26810,"minecraft:total_world_time":94429,"minecraft:interact_with_furnace":18,"minecraft:interact_with_cartography_table":1,"minecraft:sleep_in_bed":6,"minecraft:time_since_rest":4037,"minecraft:damage_taken":1507,"minecraft:damage_dealt":9474,"minecraft:swim_one_cm":85900,"minecraft:fly_one_cm":307346,"minecraft:open_chest":25,"minecraft:crouch_one_cm":83865,"minecraft:fall_one_cm":43315,"minecraft:interact_with_smoker":2},"minecraft:mined":{"minecraft:tuff":7,"minecraft:white_bed":5,"minecraft:deepslate_diamond_ore":42,"minecraft:brewing_stand":1,"minecraft:acacia_log":9,"minecraft:soul_soil":3,"minecraft:spruce_leaves":3,"minecraft:hay_block":36,"minecraft:magma_block":1,"minecraft:furnace":2,"minecraft:iron_ore":25,"minecraft:cobbled_deepslate":7,"minecraft:deepslate_iron_ore":24,"minecraft:purple_carpet":5,"minecraft:stone":198,"minecraft:bone_block":17,"minecraft:acacia_leaves":5,"minecraft:soul_sand":50,"minecraft:crafting_table":11,"minecraft:torch":8,"minecraft:short_grass":6,"minecraft:blast_furnace":1,"minecraft:chest":2,"minecraft:cobblestone":8,"minecraft:deepslate_gold_ore":1,"minecraft:wall_torch":22,"minecraft:diorite":1,"minecraft:coarse_dirt":1,"minecraft:sweet_berry_bush":1,"minecraft:coal_ore":62,"minecraft:dirt":10,"minecraft:netherrack":63,"minecraft:deepslate":207,"minecraft:oak_leaves":2},"minecraft:broken":{"minecraft:stone_pickaxe":1,"minecraft:iron_pickaxe":1},"minecraft:dropped":{"minecraft:diamond":3,"minecraft:leather":2,"minecraft:diorite":1,"minecraft:sugar":1,"minecraft:stone_sword":1,"minecraft:cobbled_deepslate":1,"minecraft:tuff":7,"minecraft:spider_eye":3,"minecraft:stone_pickaxe":1,"minecraft:raw_gold":1,"minecraft:black_wool":2},"minecraft:killed":{"minecraft:zombified_piglin":1,"minecraft:witch":1,"minecraft:spider":3,"minecraft:skeleton":11,"minecraft:wolf":1,"minecraft:piglin":2,"minecraft:pig":4,"minecraft:creeper":1,"minecraft:sheep":2,"minecraft:zombie":19,"minecraft:enderman":1,"minecraft:cow":3},"minecraft:killed_by":{"minecraft:zombified_piglin":1,"minecraft:piglin":1},"minecraft:used":{"minecraft:stone_sword":30,"minecraft:bone_block":1,"minecraft:spruce_planks":1,"minecraft:chest":4,"minecraft:rotten_flesh":3,"minecraft:torch":58,"minecraft:dirt":4,"minecraft:diamond_helmet":1,"minecraft:acacia_sapling":3,"minecraft:lava_bucket":15,"minecraft:iron_boots":1,"minecraft:furnace":4,"minecraft:cooked_beef":3,"minecraft:cobbled_deepslate":139,"minecraft:cooked_mutton":1,"minecraft:acacia_boat":2,"minecraft:water_bucket":5,"minecraft:stone_pickaxe":240,"minecraft:wooden_pickaxe":22,"minecraft:crafting_table":12,"minecraft:blast_furnace":1,"minecraft:white_bed":5,"minecraft:smoker":1,"minecraft:diamond_pickaxe":174,"minecraft:diamond_shovel":53,"minecraft:bread":13,"minecraft:iron_pickaxe":253,"minecraft:map":1,"minecraft:crimson_nylium":1,"minecraft:diamond_sword":178,"minecraft:wooden_sword":16,"minecraft:cobblestone":159,"minecraft:cooked_porkchop":3,"minecraft:porkchop":3,"minecraft:bucket":22,"minecraft:coarse_dirt":1,"minecraft:purple_carpet":5,"minecraft:diamond_leggings":1},"minecraft:crafted":{"minecraft:wooden_sword":1,"minecraft:furnace":3,"minecraft:diamond_shovel":1,"minecraft:diamond_helmet":1,"minecraft:diamond_leggings":1,"minecraft:iron_boots":1,"minecraft:stone_pickaxe":2,"minecraft:chest":2,"minecraft:wheat":333,"minecraft:smoker":1,"minecraft:cooked_beef":3,"minecraft:diamond_sword":1,"minecraft:crafting_table":1,"minecraft:spruce_planks":76,"minecraft:wooden_pickaxe":1,"minecraft:bucket":2,"minecraft:hay_block":15,"minecraft:bread":66,"minecraft:acacia_boat":1,"minecraft:air":0,"minecraft:diamond_pickaxe":1,"minecraft:stick":24,"minecraft:iron_ingot":49,"minecraft:iron_pickaxe":1,"minecraft:stone_sword":1,"minecraft:acacia_planks":36,"minecraft:torch":32,"minecraft:diamond_chestplate":1},"minecraft:picked_up":{"minecraft:iron_chestplate":1,"minecraft:crafting_table":11,"minecraft:coarse_dirt":1,"minecraft:clay_ball":16,"minecraft:leather_leggings":1,"minecraft:diamond_sword":2,"minecraft:diamond_horse_armor":1,"minecraft:brewing_stand":2,"minecraft:string":8,"minecraft:moss_carpet":6,"minecraft:soul_soil":3,"minecraft:diamond_leggings":1,"minecraft:cobbled_deepslate":416,"minecraft:spruce_planks":60,"minecraft:beef":5,"minecraft:azalea":2,"minecraft:chest":2,"minecraft:iron_boots":2,"minecraft:furnace":2,"minecraft:stick":3,"minecraft:raw_iron":49,"minecraft:torch":80,"minecraft:acacia_log":9,"minecraft:porkchop":19,"minecraft:diorite":1,"minecraft:arrow":21,"minecraft:rotten_flesh":19,"minecraft:tropical_fish":4,"minecraft:hay_block":52,"minecraft:saddle":1,"minecraft:gold_ingot":3,"minecraft:mutton":7,"minecraft:bone_block":51,"minecraft:cobblestone":223,"minecraft:white_wool":6,"minecraft:magma_block":1,"minecraft:water_bucket":2,"minecraft:leather":2,"minecraft:golden_leggings":1,"minecraft:potato":3,"minecraft:filled_map":1,"minecraft:tuff":7,"minecraft:golden_boots":1,"minecraft:acacia_boat":3,"minecraft:map":4,"minecraft:dirt":10,"minecraft:purple_carpet":5,"minecraft:cooked_mutton":4,"minecraft:bone":11,"minecraft:acacia_planks":2,"minecraft:wheat_seeds":5,"minecraft:raw_gold":1,"minecraft:iron_ingot":5,"minecraft:diamond_helmet":1,"minecraft:soul_sand":126,"minecraft:acacia_sapling":3,"minecraft:cooked_porkchop":3,"minecraft:sweet_berries":2,"minecraft:blast_furnace":1,"minecraft:white_bed":5,"minecraft:spider_eye":3,"minecraft:diamond_shovel":2,"minecraft:sugar":1,"minecraft:diamond":62,"minecraft:crimson_nylium":3,"minecraft:bread":2,"minecraft:golden_horse_armor":1,"minecraft:emerald":4,"minecraft:netherrack":63,"minecraft:black_wool":2,"minecraft:coal":62,"minecraft:crimson_roots":1,"minecraft:diamond_pickaxe":2,"minecraft:ender_pearl":3}},"DataVersion":3839}