{"stats":{"minecraft:custom":{"minecraft:mob_kills":46,"minecraft:animals_bred":2,"minecraft:interact_with_crafting_table":26,"minecraft:interact_with_campfire":4,"minecraft:leave_game":1,"minecraft:time_since_death":76568,"minecraft:climb_one_cm":921,"minecraft:sprint_one_cm":174845,"minecraft:walk_one_cm":186998,"minecraft:drop":13,"minecraft:talked_to_villager":1,"minecraft:play_time":76568,"minecraft:sneak_time":18260,"minecraft:walk_under_water_one_cm":25578,"minecraft:boat_one_cm":65185,"minecraft:jump":1525,"minecraft:interact_with_blast_furnace":4,"minecraft:walk_on_water_one_cm":26360,"minecraft:total_world_time":76568,"minecraft:interact_with_furnace":17,"minecraft:interact_with_cartography_table":1,"minecraft:sleep_in_bed":5,"minecraft:time_since_rest":4023,"minecraft:damage_taken":941,"minecraft:damage_dealt":7752,"minecraft:swim_one_cm":85900,"minecraft:fly_one_cm":257772,"minecraft:open_chest":16,"minecraft:crouch_one_cm":72251,"minecraft:fall_one_cm":36666,"minecraft:interact_with_smoker":1},"minecraft:mined":{"minecraft:tuff":7,"minecraft:white_bed":5,"minecraft:deepslate_diamond_ore":42,"minecraft:brewing_stand":1,"minecraft:acacia_log":9,"minecraft:spruce_leaves":3,"minecraft:hay_block":36,"minecraft:magma_block":1,"minecraft:furnace":2,"minecraft:iron_ore":25,"minecraft:deepslate_iron_ore":24,"minecraft:purple_carpet":5,"minecraft:stone":198,"minecraft:acacia_leaves":5,"minecraft:crafting_table":10,"minecraft:torch":5,"minecraft:short_grass":6,"minecraft:blast_furnace":1,"minecraft:chest":2,"minecraft:cobblestone":8,"minecraft:deepslate_gold_ore":1,"minecraft:wall_torch":22,"minecraft:diorite":1,"minecraft:coarse_dirt":1,"minecraft:sweet_berry_bush":1,"minecraft:coal_ore":62,"minecraft:dirt":10,"minecraft:deepslate":206,"minecraft:oak_leaves":2},"minecraft:broken":{"minecraft:stone_pickaxe":1,"minecraft:iron_pickaxe":1},"minecraft:dropped":{"minecraft:diamond":3,"minecraft:leather":2,"minecraft:diorite":1,"minecraft:sugar":1,"minecraft:stone_sword":1,"minecraft:cobbled_deepslate":1,"minecraft:tuff":7,"minecraft:spider_eye":3,"minecraft:stone_pickaxe":1,"minecraft:raw_gold":1,"minecraft:black_wool":2},"minecraft:killed":{"minecraft:witch":1,"minecraft:spider":3,"minecraft:skeleton":9,"minecraft:wolf":1,"minecraft:pig":4,"minecraft:creeper":1,"minecraft:sheep":2,"minecraft:zombie":17,"minecraft:cow":3},"minecraft:used":{"minecraft:stone_sword":30,"minecraft:chest":4,"minecraft:rotten_flesh":3,"minecraft:torch":54,"minecraft:dirt":4,"minecraft:diamond_helmet":1,"minecraft:acacia_sapling":3,"minecraft:lava_bucket":4,"minecraft:furnace":4,"minecraft:cooked_beef":3,"minecraft:cobbled_deepslate":41,"minecraft:cooked_mutton":1,"minecraft:acacia_boat":1,"minecraft:water_bucket":3,"minecraft:stone_pickaxe":240,"minecraft:wooden_pickaxe":22,"minecraft:crafting_table":11,"minecraft:blast_furnace":1,"minecraft:white_bed":5,"minecraft:smoker":1,"minecraft:diamond_pickaxe":84,"minecraft:bread":10,"minecraft:iron_pickaxe":253,"minecraft:map":1,"minecraft:diamond_sword":148,"minecraft:wooden_sword":16,"minecraft:cobblestone":159,"minecraft:cooked_porkchop":3,"minecraft:porkchop":3,"minecraft:bucket":8,"minecraft:coarse_dirt":1,"minecraft:purple_carpet":5,"minecraft:diamond_leggings":1},"minecraft:crafted":{"minecraft:wooden_sword":1,"minecraft:furnace":3,"minecraft:diamond_helmet":1,"minecraft:diamond_leggings":1,"minecraft:iron_boots":1,"minecraft:stone_pickaxe":2,"minecraft:chest":2,"minecraft:wheat":333,"minecraft:smoker":1,"minecraft:cooked_beef":3,"minecraft:diamond_sword":1,"minecraft:crafting_table":1,"minecraft:spruce_planks":76,"minecraft:wooden_pickaxe":1,"minecraft:bucket":2,"minecraft:hay_block":15,"minecraft:bread":66,"minecraft:acacia_boat":1,"minecraft:air":0,"minecraft:diamond_pickaxe":1,"minecraft:stick":24,"minecraft:iron_ingot":13,"minecraft:iron_pickaxe":1,"minecraft:stone_sword":1,"minecraft:acacia_planks":36,"minecraft:torch":32,"minecraft:diamond_chestplate":1},"minecraft:picked_up":{"minecraft:iron_chestplate":1,"minecraft:crafting_table":10,"minecraft:coarse_dirt":1,"minecraft:clay_ball":16,"minecraft:diamond_horse_armor":1,"minecraft:brewing_stand":2,"minecraft:string":8,"minecraft:moss_carpet":6,"minecraft:cobbled_deepslate":240,"minecraft:spruce_planks":60,"minecraft:beef":5,"minecraft:azalea":2,"minecraft:chest":2,"minecraft:furnace":2,"minecraft:stick":3,"minecraft:raw_iron":49,"minecraft:torch":41,"minecraft:acacia_log":9,"minecraft:porkchop":19,"minecraft:diorite":1,"minecraft:arrow":20,"minecraft:rotten_flesh":15,"minecraft:tropical_fish":4,"minecraft:hay_block":52,"minecraft:saddle":1,"minecraft:gold_ingot":3,"minecraft:mutton":7,"minecraft:cobblestone":223,"minecraft:white_wool":6,"minecraft:magma_block":1,"minecraft:leather":2,"minecraft:potato":3,"minecraft:filled_map":1,"minecraft:tuff":7,"minecraft:acacia_boat":2,"minecraft:map":4,"minecraft:dirt":10,"minecraft:purple_carpet":5,"minecraft:cooked_mutton":4,"minecraft:bone":11,"minecraft:acacia_planks":2,"minecraft:wheat_seeds":5,"minecraft:raw_gold":1,"minecraft:iron_ingot":5,"minecraft:acacia_sapling":3,"minecraft:cooked_porkchop":3,"minecraft:sweet_berries":2,"minecraft:blast_furnace":1,"minecraft:white_bed":5,"minecraft:spider_eye":3,"minecraft:sugar":1,"minecraft:diamond":62,"minecraft:bread":2,"minecraft:golden_horse_armor":1,"minecraft:emerald":4,"minecraft:black_wool":2,"minecraft:coal":62}},"DataVersion":3839}