{"stats":{"minecraft:custom":{"minecraft:interact_with_furnace":13,"minecraft:mob_kills":30,"minecraft:interact_with_crafting_table":15,"minecraft:leave_game":1,"minecraft:time_since_death":40568,"minecraft:time_since_rest":40568,"minecraft:sprint_one_cm":67502,"minecraft:damage_taken":558,"minecraft:walk_one_cm":96642,"minecraft:damage_dealt":5294,"minecraft:swim_one_cm":69339,"minecraft:fly_one_cm":109003,"minecraft:crouch_one_cm":54801,"minecraft:play_time":40568,"minecraft:sneak_time":13994,"minecraft:walk_under_water_one_cm":9318,"minecraft:jump":767,"minecraft:walk_on_water_one_cm":13882,"minecraft:total_world_time":40568,"minecraft:fall_one_cm":16783},"minecraft:mined":{"minecraft:tuff":7,"minecraft:acacia_leaves":5,"minecraft:deepslate_diamond_ore":34,"minecraft:crafting_table":8,"minecraft:torch":2,"minecraft:short_grass":2,"minecraft:acacia_log":9,"minecraft:cobblestone":8,"minecraft:deepslate_gold_ore":1,"minecraft:diorite":1,"minecraft:wall_torch":16,"minecraft:hay_block":31,"minecraft:coarse_dirt":1,"minecraft:furnace":2,"minecraft:iron_ore":25,"minecraft:coal_ore":35,"minecraft:deepslate_iron_ore":24,"minecraft:dirt":10,"minecraft:stone":197,"minecraft:deepslate":58},"minecraft:broken":{"minecraft:stone_pickaxe":1},"minecraft:killed":{"minecraft:pig":4,"minecraft:witch":1,"minecraft:spider":1,"minecraft:sheep":2,"minecraft:skeleton":6,"minecraft:zombie":12,"minecraft:cow":3},"minecraft:used":{"minecraft:stone_sword":30,"minecraft:stone_pickaxe":240,"minecraft:wooden_pickaxe":22,"minecraft:rotten_flesh":3,"minecraft:torch":43,"minecraft:dirt":4,"minecraft:crafting_table":8,"minecraft:acacia_sapling":3,"minecraft:iron_pickaxe":139,"minecraft:wooden_sword":16,"minecraft:diamond_sword":94,"minecraft:cobblestone":159,"minecraft:porkchop":1,"minecraft:furnace":3,"minecraft:cooked_porkchop":3,"minecraft:cooked_beef":3,"minecraft:coarse_dirt":1,"minecraft:diamond_leggings":1},"minecraft:picked_up":{"minecraft:coarse_dirt":1,"minecraft:crafting_table":8,"minecraft:leather":2,"minecraft:tuff":7,"minecraft:string":1,"minecraft:dirt":10,"minecraft:bone":9,"minecraft:acacia_planks":2,"minecraft:cobbled_deepslate":65,"minecraft:raw_gold":1,"minecraft:beef":5,"minecraft:acacia_sapling":3,"minecraft:furnace":2,"minecraft:stick":1,"minecraft:raw_iron":49,"minecraft:cooked_porkchop":3,"minecraft:torch":32,"minecraft:acacia_log":9,"minecraft:porkchop":16,"minecraft:diorite":1,"minecraft:spider_eye":2,"minecraft:sugar":1,"minecraft:arrow":6,"minecraft:rotten_flesh":8,"minecraft:diamond":35,"minecraft:hay_block":31,"minecraft:black_wool":2,"minecraft:mutton":3,"minecraft:coal":35,"minecraft:cobblestone":206},"minecraft:crafted":{"minecraft:cooked_beef":3,"minecraft:wooden_sword":1,"minecraft:diamond_sword":1,"minecraft:crafting_table":1,"minecraft:wooden_pickaxe":1,"minecraft:furnace":2,"minecraft:air":0,"minecraft:diamond_leggings":1,"minecraft:iron_boots":1,"minecraft:stick":24,"minecraft:iron_ingot":7,"minecraft:iron_pickaxe":1,"minecraft:stone_pickaxe":2,"minecraft:stone_sword":1,"minecraft:acacia_planks":36,"minecraft:torch":32,"minecraft:diamond_chestplate":1}},"DataVersion":3839}