{"stats":{"minecraft:custom":{"minecraft:interact_with_furnace":16,"minecraft:mob_kills":42,"minecraft:animals_bred":2,"minecraft:interact_with_cartography_table":1,"minecraft:interact_with_crafting_table":23,"minecraft:interact_with_campfire":4,"minecraft:leave_game":1,"minecraft:time_since_death":64568,"minecraft:sleep_in_bed":4,"minecraft:climb_one_cm":921,"minecraft:time_since_rest":7820,"minecraft:sprint_one_cm":160621,"minecraft:damage_taken":783,"minecraft:walk_one_cm":158114,"minecraft:drop":13,"minecraft:damage_dealt":6609,"minecraft:talked_to_villager":1,"minecraft:swim_one_cm":83158,"minecraft:fly_one_cm":241176,"minecraft:open_chest":6,"minecraft:crouch_one_cm":63100,"minecraft:play_time":64568,"minecraft:sneak_time":15946,"minecraft:walk_under_water_one_cm":19274,"minecraft:boat_one_cm":65185,"minecraft:jump":1340,"minecraft:interact_with_blast_furnace":1,"minecraft:walk_on_water_one_cm":19369,"minecraft:total_world_time":64568,"minecraft:fall_one_cm":31659},"minecraft:mined":{"minecraft:tuff":7,"minecraft:acacia_leaves":5,"minecraft:white_bed":4,"minecraft:deepslate_diamond_ore":34,"minecraft:brewing_stand":1,"minecraft:crafting_table":10,"minecraft:torch":4,"minecraft:short_grass":5,"minecraft:blast_furnace":1,"minecraft:acacia_log":9,"minecraft:cobblestone":8,"minecraft:spruce_leaves":3,"minecraft:deepslate_gold_ore":1,"minecraft:diorite":1,"minecraft:wall_torch":18,"minecraft:hay_block":36,"minecraft:magma_block":1,"minecraft:coarse_dirt":1,"minecraft:furnace":2,"minecraft:iron_ore":25,"minecraft:sweet_berry_bush":1,"minecraft:coal_ore":62,"minecraft:deepslate_iron_ore":24,"minecraft:purple_carpet":5,"minecraft:dirt":10,"minecraft:stone":198,"minecraft:oak_leaves":2,"minecraft:deepslate":91},"minecraft:broken":{"minecraft:stone_pickaxe":1},"minecraft:dropped":{"minecraft:stone_sword":1,"minecraft:cobbled_deepslate":1,"minecraft:diamond":3,"minecraft:tuff":7,"minecraft:leather":2,"minecraft:diorite":1,"minecraft:spider_eye":3,"minecraft:stone_pickaxe":1,"minecraft:raw_gold":1,"minecraft:sugar":1,"minecraft:black_wool":2},"minecraft:killed":{"minecraft:wolf":1,"minecraft:pig":4,"minecraft:witch":1,"minecraft:spider":3,"minecraft:creeper":1,"minecraft:sheep":2,"minecraft:skeleton":8,"minecraft:zombie":14,"minecraft:cow":3},"minecraft:used":{"minecraft:cooked_mutton":1,"minecraft:acacia_boat":1,"minecraft:stone_sword":30,"minecraft:stone_pickaxe":240,"minecraft:wooden_pickaxe":22,"minecraft:rotten_flesh":3,"minecraft:torch":47,"minecraft:dirt":4,"minecraft:crafting_table":11,"minecraft:blast_furnace":1,"minecraft:white_bed":3,"minecraft:acacia_sapling":3,"minecraft:smoker":1,"minecraft:map":1,"minecraft:bread":7,"minecraft:iron_pickaxe":211,"minecraft:wooden_sword":16,"minecraft:diamond_sword":127,"minecraft:cobblestone":159,"minecraft:porkchop":3,"minecraft:furnace":4,"minecraft:cooked_porkchop":3,"minecraft:cobbled_deepslate":7,"minecraft:purple_carpet":5,"minecraft:cooked_beef":3,"minecraft:coarse_dirt":1,"minecraft:diamond_leggings":1},"minecraft:picked_up":{"minecraft:magma_block":1,"minecraft:coarse_dirt":1,"minecraft:crafting_table":10,"minecraft:leather":2,"minecraft:tuff":7,"minecraft:brewing_stand":1,"minecraft:acacia_boat":1,"minecraft:string":4,"minecraft:dirt":10,"minecraft:moss_carpet":3,"minecraft:cooked_mutton":4,"minecraft:purple_carpet":5,"minecraft:bone":9,"minecraft:acacia_planks":2,"minecraft:wheat_seeds":3,"minecraft:cobbled_deepslate":98,"minecraft:raw_gold":1,"minecraft:beef":5,"minecraft:azalea":1,"minecraft:acacia_sapling":3,"minecraft:furnace":2,"minecraft:stick":1,"minecraft:raw_iron":49,"minecraft:cooked_porkchop":3,"minecraft:sweet_berries":2,"minecraft:torch":36,"minecraft:acacia_log":9,"minecraft:porkchop":19,"minecraft:blast_furnace":1,"minecraft:diorite":1,"minecraft:white_bed":4,"minecraft:spider_eye":3,"minecraft:sugar":1,"minecraft:arrow":9,"minecraft:rotten_flesh":10,"minecraft:diamond":38,"minecraft:hay_block":37,"minecraft:white_wool":3,"minecraft:black_wool":2,"minecraft:mutton":7,"minecraft:coal":62,"minecraft:cobblestone":207},"minecraft:crafted":{"minecraft:cooked_beef":3,"minecraft:wooden_sword":1,"minecraft:diamond_sword":1,"minecraft:crafting_table":1,"minecraft:spruce_planks":76,"minecraft:wooden_pickaxe":1,"minecraft:furnace":3,"minecraft:hay_block":15,"minecraft:acacia_boat":1,"minecraft:bread":66,"minecraft:air":0,"minecraft:diamond_pickaxe":1,"minecraft:diamond_leggings":1,"minecraft:iron_boots":1,"minecraft:stick":24,"minecraft:iron_ingot":7,"minecraft:iron_pickaxe":1,"minecraft:stone_pickaxe":2,"minecraft:stone_sword":1,"minecraft:acacia_planks":36,"minecraft:torch":32,"minecraft:smoker":1,"minecraft:diamond_chestplate":1,"minecraft:wheat":333}},"DataVersion":3839}