{"stats":{"minecraft:custom":{"minecraft:interact_with_furnace":9,"minecraft:mob_kills":36,"minecraft:interact_with_crafting_table":9,"minecraft:bell_ring":2,"minecraft:leave_game":2,"minecraft:time_since_death":90248,"minecraft:sleep_in_bed":5,"minecraft:climb_one_cm":2331,"minecraft:time_since_rest":4324,"minecraft:sprint_one_cm":215034,"minecraft:damage_taken":747,"minecraft:walk_one_cm":255310,"minecraft:drop":10,"minecraft:damage_dealt":3094,"minecraft:swim_one_cm":89085,"minecraft:talked_to_villager":3,"minecraft:player_kills":1,"minecraft:fly_one_cm":249143,"minecraft:open_chest":8,"minecraft:crouch_one_cm":75,"minecraft:play_time":90248,"minecraft:sneak_time":668,"minecraft:walk_under_water_one_cm":51207,"minecraft:boat_one_cm":801979,"minecraft:jump":1459,"minecraft:walk_on_water_one_cm":28216,"minecraft:total_world_time":90248,"minecraft:fall_one_cm":37056},"minecraft:mined":{"minecraft:white_bed":1,"minecraft:acacia_leaves":1,"minecraft:spruce_planks":2,"minecraft:brewing_stand":1,"minecraft:crafting_table":8,"minecraft:torch":2,"minecraft:short_grass":7,"minecraft:acacia_log":6,"minecraft:grass_block":1,"minecraft:cobblestone":9,"minecraft:sugar_cane":9,"minecraft:seagrass":1,"minecraft:coarse_dirt":3,"minecraft:furnace":2,"minecraft:iron_ore":4,"minecraft:wheat":1,"minecraft:yellow_bed":5,"minecraft:oak_log":10,"minecraft:coal_ore":15,"minecraft:dirt":1,"minecraft:stone":48,"minecraft:oak_leaves":8},"minecraft:dropped":{"minecraft:kelp":2,"minecraft:wheat_seeds":3,"minecraft:salmon":3,"minecraft:stick":1,"minecraft:dirt":1,"minecraft:oak_boat":1,"minecraft:oak_sapling":1,"minecraft:lily_pad":3},"minecraft:killed":{"minecraft:pig":4,"minecraft:salmon":10,"minecraft:frog":1,"minecraft:sheep":4,"minecraft:zombie":3,"minecraft:cow":14},"minecraft:used":{"minecraft:stone_sword":33,"minecraft:stone_pickaxe":16,"minecraft:wooden_pickaxe":28,"minecraft:salmon":1,"minecraft:torch":3,"minecraft:crafting_table":8,"minecraft:wooden_axe":2,"minecraft:bread":10,"minecraft:iron_pickaxe":40,"minecraft:stone_axe":77,"minecraft:cobblestone":26,"minecraft:beef":2,"minecraft:furnace":2,"minecraft:yellow_bed":4,"minecraft:oak_boat":7,"minecraft:potato":4,"minecraft:cooked_beef":5},"minecraft:picked_up":{"minecraft:crafting_table":8,"minecraft:salmon":13,"minecraft:leather":10,"minecraft:oak_log":10,"minecraft:lily_pad":3,"minecraft:brewing_stand":1,"minecraft:yellow_bed":5,"minecraft:dirt":2,"minecraft:kelp":4,"minecraft:wheat_seeds":3,"minecraft:spruce_planks":2,"minecraft:beef":34,"minecraft:oak_boat":6,"minecraft:sugar_cane":16,"minecraft:furnace":2,"minecraft:raw_iron":4,"minecraft:torch":4,"minecraft:acacia_log":5,"minecraft:porkchop":9,"minecraft:white_bed":1,"minecraft:bone_meal":2,"minecraft:oak_sapling":1,"minecraft:mutton":6,"minecraft:coal":22,"minecraft:white_wool":4,"minecraft:cobblestone":60},"minecraft:crafted":{"minecraft:cooked_beef":14,"minecraft:oak_planks":40,"minecraft:crafting_table":1,"minecraft:leather_horse_armor":1,"minecraft:wooden_pickaxe":1,"minecraft:furnace":1,"minecraft:stone_axe":1,"minecraft:air":0,"minecraft:oak_boat":2,"minecraft:stick":12,"minecraft:iron_ingot":4,"minecraft:iron_pickaxe":1,"minecraft:stone_pickaxe":1,"minecraft:wooden_axe":1,"minecraft:stone_sword":1,"minecraft:acacia_planks":20}},"DataVersion":3839}