{"stats":{"minecraft:custom":{"minecraft:time_since_rest":11874,"minecraft:interact_with_furnace":9,"minecraft:sprint_one_cm":114265,"minecraft:damage_taken":220,"minecraft:walk_one_cm":161396,"minecraft:mob_kills":22,"minecraft:damage_dealt":2227,"minecraft:swim_one_cm":45027,"minecraft:interact_with_crafting_table":7,"minecraft:fly_one_cm":117070,"minecraft:talked_to_villager":3,"minecraft:open_chest":3,"minecraft:crouch_one_cm":57,"minecraft:play_time":36785,"minecraft:bell_ring":2,"minecraft:sneak_time":298,"minecraft:walk_under_water_one_cm":10486,"minecraft:jump":781,"minecraft:time_since_death":36785,"minecraft:walk_on_water_one_cm":8878,"minecraft:sleep_in_bed":1,"minecraft:total_world_time":36785,"minecraft:climb_one_cm":2032,"minecraft:fall_one_cm":21309},"minecraft:mined":{"minecraft:acacia_leaves":1,"minecraft:spruce_planks":2,"minecraft:furnace":2,"minecraft:iron_ore":4,"minecraft:wheat":1,"minecraft:brewing_stand":1,"minecraft:yellow_bed":3,"minecraft:crafting_table":6,"minecraft:torch":1,"minecraft:short_grass":5,"minecraft:acacia_log":6,"minecraft:grass_block":1,"minecraft:coal_ore":15,"minecraft:cobblestone":5,"minecraft:stone":45},"minecraft:killed":{"minecraft:sheep":4,"minecraft:pig":4,"minecraft:cow":14},"minecraft:used":{"minecraft:wooden_axe":2,"minecraft:stone_pickaxe":16,"minecraft:bread":3,"minecraft:iron_pickaxe":31,"minecraft:wooden_pickaxe":28,"minecraft:stone_axe":56,"minecraft:torch":1,"minecraft:cobblestone":10,"minecraft:beef":2,"minecraft:crafting_table":6,"minecraft:furnace":2,"minecraft:yellow_bed":1,"minecraft:cooked_beef":2},"minecraft:picked_up":{"minecraft:crafting_table":6,"minecraft:raw_iron":4,"minecraft:leather":10,"minecraft:torch":2,"minecraft:acacia_log":5,"minecraft:porkchop":9,"minecraft:brewing_stand":1,"minecraft:yellow_bed":3,"minecraft:dirt":1,"minecraft:wheat_seeds":3,"minecraft:spruce_planks":2,"minecraft:beef":34,"minecraft:mutton":6,"minecraft:coal":22,"minecraft:white_wool":4,"minecraft:cobblestone":50,"minecraft:furnace":2},"minecraft:crafted":{"minecraft:cooked_beef":14,"minecraft:crafting_table":1,"minecraft:leather_horse_armor":1,"minecraft:stick":12,"minecraft:stone_pickaxe":1,"minecraft:wooden_pickaxe":1,"minecraft:iron_ingot":4,"minecraft:iron_pickaxe":1,"minecraft:wooden_axe":1,"minecraft:stone_sword":1,"minecraft:furnace":1,"minecraft:acacia_planks":20,"minecraft:stone_axe":1,"minecraft:air":0}},"DataVersion":3839}