{"stats":{"minecraft:custom":{"minecraft:interact_with_furnace":9,"minecraft:mob_kills":22,"minecraft:interact_with_crafting_table":9,"minecraft:bell_ring":2,"minecraft:time_since_death":48785,"minecraft:sleep_in_bed":2,"minecraft:climb_one_cm":2032,"minecraft:time_since_rest":9609,"minecraft:sprint_one_cm":124364,"minecraft:damage_taken":340,"minecraft:walk_one_cm":176272,"minecraft:damage_dealt":2227,"minecraft:swim_one_cm":52452,"minecraft:talked_to_villager":3,"minecraft:fly_one_cm":134202,"minecraft:open_chest":3,"minecraft:crouch_one_cm":75,"minecraft:play_time":48785,"minecraft:sneak_time":335,"minecraft:walk_under_water_one_cm":19015,"minecraft:boat_one_cm":217189,"minecraft:jump":884,"minecraft:walk_on_water_one_cm":12476,"minecraft:total_world_time":48785,"minecraft:fall_one_cm":23459},"minecraft:mined":{"minecraft:acacia_leaves":1,"minecraft:spruce_planks":2,"minecraft:brewing_stand":1,"minecraft:crafting_table":8,"minecraft:torch":2,"minecraft:short_grass":6,"minecraft:acacia_log":6,"minecraft:grass_block":1,"minecraft:cobblestone":5,"minecraft:sugar_cane":7,"minecraft:furnace":2,"minecraft:iron_ore":4,"minecraft:wheat":1,"minecraft:yellow_bed":4,"minecraft:coal_ore":15,"minecraft:oak_log":10,"minecraft:stone":45,"minecraft:oak_leaves":8},"minecraft:killed":{"minecraft:pig":4,"minecraft:sheep":4,"minecraft:cow":14},"minecraft:used":{"minecraft:stone_pickaxe":16,"minecraft:wooden_pickaxe":28,"minecraft:torch":3,"minecraft:crafting_table":8,"minecraft:wooden_axe":2,"minecraft:bread":3,"minecraft:iron_pickaxe":31,"minecraft:stone_axe":76,"minecraft:cobblestone":16,"minecraft:beef":2,"minecraft:furnace":2,"minecraft:yellow_bed":2,"minecraft:oak_boat":3,"minecraft:cooked_beef":4},"minecraft:picked_up":{"minecraft:crafting_table":8,"minecraft:leather":10,"minecraft:oak_log":10,"minecraft:brewing_stand":1,"minecraft:yellow_bed":4,"minecraft:dirt":1,"minecraft:wheat_seeds":3,"minecraft:spruce_planks":2,"minecraft:beef":34,"minecraft:oak_boat":2,"minecraft:sugar_cane":14,"minecraft:furnace":2,"minecraft:raw_iron":4,"minecraft:torch":4,"minecraft:acacia_log":5,"minecraft:porkchop":9,"minecraft:oak_sapling":1,"minecraft:mutton":6,"minecraft:coal":22,"minecraft:white_wool":4,"minecraft:cobblestone":50},"minecraft:crafted":{"minecraft:cooked_beef":14,"minecraft:oak_planks":40,"minecraft:crafting_table":1,"minecraft:leather_horse_armor":1,"minecraft:wooden_pickaxe":1,"minecraft:furnace":1,"minecraft:stone_axe":1,"minecraft:air":0,"minecraft:oak_boat":2,"minecraft:stick":12,"minecraft:iron_ingot":4,"minecraft:iron_pickaxe":1,"minecraft:stone_pickaxe":1,"minecraft:wooden_axe":1,"minecraft:stone_sword":1,"minecraft:acacia_planks":20}},"DataVersion":3839}