{"stats":{"minecraft:custom":{"minecraft:interact_with_furnace":25,"minecraft:mob_kills":37,"minecraft:interact_with_crafting_table":18,"minecraft:leave_game":5,"minecraft:time_since_death":59070,"minecraft:climb_one_cm":898,"minecraft:time_since_rest":59070,"minecraft:sprint_one_cm":70402,"minecraft:damage_taken":775,"minecraft:walk_one_cm":71386,"minecraft:drop":14,"minecraft:damage_dealt":2261,"minecraft:swim_one_cm":93681,"minecraft:talked_to_villager":1,"minecraft:fly_one_cm":173549,"minecraft:open_chest":7,"minecraft:crouch_one_cm":4670,"minecraft:play_time":59070,"minecraft:sneak_time":6928,"minecraft:walk_under_water_one_cm":57068,"minecraft:boat_one_cm":710,"minecraft:jump":1091,"minecraft:walk_on_water_one_cm":52923,"minecraft:total_world_time":59070,"minecraft:fall_one_cm":21031},"minecraft:mined":{"minecraft:diamond_ore":1,"minecraft:brown_mushroom":6,"minecraft:oak_door":1,"minecraft:crafting_table":7,"minecraft:torch":3,"minecraft:granite":13,"minecraft:short_grass":6,"minecraft:acacia_log":9,"minecraft:grass_block":2,"minecraft:cobblestone":1,"minecraft:deepslate_gold_ore":4,"minecraft:lapis_ore":4,"minecraft:sugar_cane":1,"minecraft:sandstone":1,"minecraft:wall_torch":4,"minecraft:redstone_ore":4,"minecraft:coarse_dirt":2,"minecraft:iron_ore":34,"minecraft:andesite":1,"minecraft:oak_log":17,"minecraft:coal_ore":29,"minecraft:dirt":49,"minecraft:sand":70,"minecraft:stone":127,"minecraft:gold_ore":7,"minecraft:deepslate":1,"minecraft:oak_leaves":4},"minecraft:broken":{"minecraft:wooden_axe":1},"minecraft:dropped":{"minecraft:stone_axe":1,"minecraft:iron_nugget":16,"minecraft:cobbled_deepslate":1,"minecraft:cobblestone":2,"minecraft:rotten_flesh":1,"minecraft:prismarine_crystals":3,"minecraft:flint_and_steel":2,"minecraft:andesite":1,"minecraft:oak_sapling":2,"minecraft:potion":1,"minecraft:stone_pickaxe":1,"minecraft:wooden_pickaxe":1,"minecraft:iron_shovel":1},"minecraft:killed":{"minecraft:pig":1,"minecraft:salmon":2,"minecraft:cod":9,"minecraft:slime":16,"minecraft:sheep":3,"minecraft:zombie":5,"minecraft:cow":1},"minecraft:used":{"minecraft:iron_shovel":107,"minecraft:acacia_log":1,"minecraft:glass_bottle":1,"minecraft:stone_pickaxe":130,"minecraft:wooden_pickaxe":37,"minecraft:cooked_salmon":6,"minecraft:rotten_flesh":6,"minecraft:oak_door":9,"minecraft:torch":12,"minecraft:dirt":16,"minecraft:crafting_table":10,"minecraft:golden_chestplate":1,"minecraft:wooden_axe":34,"minecraft:iron_pickaxe":81,"minecraft:stone_axe":52,"minecraft:golden_sword":8,"minecraft:cobblestone":4,"minecraft:potion":1,"minecraft:furnace":6,"minecraft:cooked_cod":2,"minecraft:cooked_porkchop":1,"minecraft:oak_boat":1,"minecraft:cooked_beef":2},"minecraft:picked_up":{"minecraft:crafting_table":6,"minecraft:coarse_dirt":2,"minecraft:andesite":1,"minecraft:salmon":2,"minecraft:brown_mushroom":6,"minecraft:oak_log":17,"minecraft:lapis_lazuli":31,"minecraft:dirt":44,"minecraft:wheat_seeds":1,"minecraft:cobbled_deepslate":1,"minecraft:raw_gold":11,"minecraft:beef":2,"minecraft:sugar_cane":3,"minecraft:stick":8,"minecraft:raw_iron":34,"minecraft:sandstone":1,"minecraft:oak_door":3,"minecraft:torch":11,"minecraft:acacia_log":8,"minecraft:porkchop":1,"minecraft:sand":53,"minecraft:redstone":20,"minecraft:diamond":1,"minecraft:rotten_flesh":7,"minecraft:slime_ball":12,"minecraft:granite":2,"minecraft:oak_sapling":2,"minecraft:cod":8,"minecraft:mutton":4,"minecraft:coal":29,"minecraft:white_wool":3,"minecraft:cobblestone":117},"minecraft:crafted":{"minecraft:cooked_beef":2,"minecraft:cooked_cod":2,"minecraft:oak_door":9,"minecraft:oak_planks":68,"minecraft:cooked_porkchop":1,"minecraft:crafting_table":5,"minecraft:iron_helmet":1,"minecraft:wooden_pickaxe":1,"minecraft:furnace":6,"minecraft:cooked_salmon":2,"minecraft:stone_axe":1,"minecraft:cooked_mutton":4,"minecraft:air":0,"minecraft:oak_boat":1,"minecraft:iron_boots":1,"minecraft:stick":12,"minecraft:iron_ingot":20,"minecraft:iron_pickaxe":1,"minecraft:stone_pickaxe":1,"minecraft:wooden_axe":1,"minecraft:iron_shovel":1,"minecraft:iron_leggings":1,"minecraft:acacia_planks":28,"minecraft:torch":4}},"DataVersion":3839}