{"stats":{"minecraft:custom":{"minecraft:interact_with_furnace":25,"minecraft:mob_kills":38,"minecraft:interact_with_crafting_table":19,"minecraft:leave_game":7,"minecraft:time_since_death":70075,"minecraft:climb_one_cm":898,"minecraft:time_since_rest":70075,"minecraft:damage_blocked_by_shield":195,"minecraft:sprint_one_cm":84476,"minecraft:damage_taken":959,"minecraft:walk_one_cm":103817,"minecraft:drop":14,"minecraft:damage_dealt":2461,"minecraft:swim_one_cm":103878,"minecraft:talked_to_villager":1,"minecraft:fly_one_cm":179012,"minecraft:open_chest":7,"minecraft:crouch_one_cm":5458,"minecraft:play_time":70075,"minecraft:sneak_time":7882,"minecraft:walk_under_water_one_cm":70630,"minecraft:boat_one_cm":710,"minecraft:jump":1258,"minecraft:walk_on_water_one_cm":55813,"minecraft:total_world_time":70075,"minecraft:fall_one_cm":24154},"minecraft:mined":{"minecraft:deepslate_redstone_ore":11,"minecraft:diamond_ore":1,"minecraft:brown_mushroom":6,"minecraft:deepslate_diamond_ore":9,"minecraft:oak_door":1,"minecraft:crafting_table":7,"minecraft:torch":3,"minecraft:short_grass":6,"minecraft:granite":13,"minecraft:acacia_log":9,"minecraft:grass_block":2,"minecraft:cobblestone":1,"minecraft:lapis_ore":4,"minecraft:deepslate_gold_ore":38,"minecraft:sugar_cane":1,"minecraft:sandstone":1,"minecraft:wall_torch":4,"minecraft:redstone_ore":4,"minecraft:coarse_dirt":2,"minecraft:iron_ore":34,"minecraft:cobbled_deepslate":3,"minecraft:andesite":1,"minecraft:deepslate_lapis_ore":6,"minecraft:oak_log":17,"minecraft:coal_ore":29,"minecraft:deepslate_iron_ore":1,"minecraft:sand":70,"minecraft:dirt":49,"minecraft:stone":127,"minecraft:gold_ore":7,"minecraft:oak_leaves":4,"minecraft:deepslate":49},"minecraft:broken":{"minecraft:wooden_axe":1},"minecraft:dropped":{"minecraft:stone_axe":1,"minecraft:iron_nugget":16,"minecraft:cobbled_deepslate":1,"minecraft:rotten_flesh":1,"minecraft:cobblestone":2,"minecraft:prismarine_crystals":3,"minecraft:flint_and_steel":2,"minecraft:andesite":1,"minecraft:oak_sapling":2,"minecraft:potion":1,"minecraft:wooden_pickaxe":1,"minecraft:stone_pickaxe":1,"minecraft:iron_shovel":1},"minecraft:killed":{"minecraft:pig":1,"minecraft:salmon":2,"minecraft:cod":9,"minecraft:slime":16,"minecraft:skeleton":1,"minecraft:sheep":3,"minecraft:zombie":5,"minecraft:cow":1},"minecraft:used":{"minecraft:cooked_mutton":2,"minecraft:iron_shovel":107,"minecraft:acacia_log":1,"minecraft:glass_bottle":1,"minecraft:stone_pickaxe":130,"minecraft:shield":2,"minecraft:wooden_pickaxe":37,"minecraft:cooked_salmon":7,"minecraft:rotten_flesh":6,"minecraft:oak_door":11,"minecraft:torch":13,"minecraft:dirt":16,"minecraft:crafting_table":11,"minecraft:golden_chestplate":1,"minecraft:wooden_axe":34,"minecraft:iron_pickaxe":193,"minecraft:stone_axe":52,"minecraft:golden_sword":11,"minecraft:potion":1,"minecraft:cobblestone":4,"minecraft:furnace":6,"minecraft:cooked_cod":2,"minecraft:cooked_porkchop":1,"minecraft:oak_boat":1,"minecraft:cooked_beef":2,"minecraft:cobbled_deepslate":12},"minecraft:picked_up":{"minecraft:crafting_table":6,"minecraft:coarse_dirt":2,"minecraft:andesite":1,"minecraft:salmon":2,"minecraft:brown_mushroom":6,"minecraft:oak_log":17,"minecraft:lapis_lazuli":62,"minecraft:dirt":44,"minecraft:bone":1,"minecraft:wheat_seeds":1,"minecraft:cobbled_deepslate":47,"minecraft:raw_gold":44,"minecraft:beef":2,"minecraft:sugar_cane":3,"minecraft:stick":8,"minecraft:raw_iron":35,"minecraft:sandstone":1,"minecraft:oak_door":3,"minecraft:torch":11,"minecraft:acacia_log":8,"minecraft:porkchop":1,"minecraft:sand":53,"minecraft:redstone":68,"minecraft:rotten_flesh":7,"minecraft:slime_ball":12,"minecraft:diamond":10,"minecraft:granite":2,"minecraft:oak_sapling":2,"minecraft:cod":8,"minecraft:mutton":4,"minecraft:coal":29,"minecraft:white_wool":3,"minecraft:cobblestone":117},"minecraft:crafted":{"minecraft:cooked_beef":2,"minecraft:cooked_cod":2,"minecraft:oak_door":9,"minecraft:oak_planks":68,"minecraft:cooked_porkchop":1,"minecraft:crafting_table":5,"minecraft:wooden_pickaxe":1,"minecraft:iron_helmet":1,"minecraft:furnace":6,"minecraft:cooked_salmon":2,"minecraft:stone_axe":1,"minecraft:cooked_mutton":4,"minecraft:air":0,"minecraft:oak_boat":1,"minecraft:iron_boots":1,"minecraft:shield":1,"minecraft:stick":12,"minecraft:iron_ingot":20,"minecraft:iron_pickaxe":1,"minecraft:stone_pickaxe":1,"minecraft:wooden_axe":1,"minecraft:iron_shovel":1,"minecraft:iron_leggings":1,"minecraft:acacia_planks":28,"minecraft:torch":4}},"DataVersion":3839}