{"stats":{"minecraft:custom":{"minecraft:interact_with_furnace":21,"minecraft:mob_kills":37,"minecraft:interact_with_crafting_table":14,"minecraft:leave_game":5,"minecraft:time_since_death":51344,"minecraft:climb_one_cm":898,"minecraft:time_since_rest":51344,"minecraft:sprint_one_cm":70402,"minecraft:damage_taken":775,"minecraft:walk_one_cm":70538,"minecraft:damage_dealt":2261,"minecraft:talked_to_villager":1,"minecraft:swim_one_cm":82919,"minecraft:fly_one_cm":173549,"minecraft:open_chest":7,"minecraft:crouch_one_cm":4290,"minecraft:play_time":51344,"minecraft:sneak_time":4746,"minecraft:walk_under_water_one_cm":34946,"minecraft:boat_one_cm":710,"minecraft:jump":1073,"minecraft:walk_on_water_one_cm":50431,"minecraft:total_world_time":51344,"minecraft:fall_one_cm":21031},"minecraft:mined":{"minecraft:brown_mushroom":6,"minecraft:oak_door":1,"minecraft:crafting_table":3,"minecraft:torch":3,"minecraft:granite":13,"minecraft:short_grass":6,"minecraft:acacia_log":9,"minecraft:grass_block":2,"minecraft:lapis_ore":2,"minecraft:sugar_cane":1,"minecraft:sandstone":1,"minecraft:wall_torch":4,"minecraft:coarse_dirt":2,"minecraft:iron_ore":25,"minecraft:oak_log":17,"minecraft:coal_ore":29,"minecraft:dirt":49,"minecraft:sand":70,"minecraft:stone":83,"minecraft:oak_leaves":4},"minecraft:broken":{"minecraft:wooden_axe":1},"minecraft:killed":{"minecraft:pig":1,"minecraft:salmon":2,"minecraft:cod":9,"minecraft:slime":16,"minecraft:sheep":3,"minecraft:zombie":5,"minecraft:cow":1},"minecraft:used":{"minecraft:iron_shovel":107,"minecraft:acacia_log":1,"minecraft:glass_bottle":1,"minecraft:stone_pickaxe":130,"minecraft:wooden_pickaxe":37,"minecraft:cooked_salmon":6,"minecraft:rotten_flesh":6,"minecraft:oak_door":6,"minecraft:torch":12,"minecraft:dirt":16,"minecraft:crafting_table":6,"minecraft:golden_chestplate":1,"minecraft:wooden_axe":34,"minecraft:iron_pickaxe":6,"minecraft:stone_axe":52,"minecraft:golden_sword":8,"minecraft:cobblestone":2,"minecraft:potion":1,"minecraft:furnace":5,"minecraft:cooked_cod":2,"minecraft:cooked_porkchop":1,"minecraft:oak_boat":1,"minecraft:cooked_beef":2},"minecraft:picked_up":{"minecraft:coarse_dirt":2,"minecraft:crafting_table":2,"minecraft:salmon":2,"minecraft:brown_mushroom":6,"minecraft:oak_log":17,"minecraft:lapis_lazuli":14,"minecraft:dirt":44,"minecraft:wheat_seeds":1,"minecraft:beef":2,"minecraft:sugar_cane":3,"minecraft:stick":8,"minecraft:raw_iron":25,"minecraft:sandstone":1,"minecraft:oak_door":3,"minecraft:torch":11,"minecraft:acacia_log":8,"minecraft:porkchop":1,"minecraft:sand":53,"minecraft:rotten_flesh":7,"minecraft:slime_ball":12,"minecraft:granite":2,"minecraft:oak_sapling":2,"minecraft:mutton":4,"minecraft:coal":29,"minecraft:cod":8,"minecraft:white_wool":3,"minecraft:cobblestone":81},"minecraft:crafted":{"minecraft:cooked_beef":2,"minecraft:cooked_cod":2,"minecraft:oak_door":3,"minecraft:oak_planks":68,"minecraft:cooked_porkchop":1,"minecraft:crafting_table":4,"minecraft:wooden_pickaxe":1,"minecraft:furnace":5,"minecraft:cooked_salmon":2,"minecraft:stone_axe":1,"minecraft:air":0,"minecraft:oak_boat":1,"minecraft:stick":12,"minecraft:iron_ingot":20,"minecraft:iron_pickaxe":1,"minecraft:stone_pickaxe":1,"minecraft:wooden_axe":1,"minecraft:iron_shovel":1,"minecraft:acacia_planks":28,"minecraft:torch":4}},"DataVersion":3839}