{"stats":{"minecraft:custom":{"minecraft:interact_with_furnace":19,"minecraft:mob_kills":32,"minecraft:interact_with_crafting_table":13,"minecraft:leave_game":4,"minecraft:time_since_death":37991,"minecraft:climb_one_cm":898,"minecraft:time_since_rest":37991,"minecraft:sprint_one_cm":44761,"minecraft:damage_taken":665,"minecraft:walk_one_cm":58418,"minecraft:damage_dealt":1871,"minecraft:swim_one_cm":49103,"minecraft:fly_one_cm":89330,"minecraft:open_chest":5,"minecraft:crouch_one_cm":4249,"minecraft:play_time":37991,"minecraft:sneak_time":4298,"minecraft:walk_under_water_one_cm":23111,"minecraft:boat_one_cm":710,"minecraft:jump":700,"minecraft:walk_on_water_one_cm":30596,"minecraft:total_world_time":37991,"minecraft:fall_one_cm":13731},"minecraft:mined":{"minecraft:brown_mushroom":6,"minecraft:crafting_table":2,"minecraft:torch":3,"minecraft:granite":13,"minecraft:short_grass":5,"minecraft:acacia_log":9,"minecraft:grass_block":2,"minecraft:sugar_cane":1,"minecraft:sandstone":1,"minecraft:wall_torch":4,"minecraft:coarse_dirt":2,"minecraft:iron_ore":25,"minecraft:oak_log":17,"minecraft:coal_ore":29,"minecraft:dirt":49,"minecraft:sand":64,"minecraft:stone":83,"minecraft:oak_leaves":4},"minecraft:broken":{"minecraft:wooden_axe":1},"minecraft:killed":{"minecraft:pig":1,"minecraft:salmon":2,"minecraft:cod":8,"minecraft:slime":16,"minecraft:zombie":4,"minecraft:cow":1},"minecraft:used":{"minecraft:iron_shovel":101,"minecraft:acacia_log":1,"minecraft:stone_pickaxe":130,"minecraft:wooden_pickaxe":37,"minecraft:cooked_salmon":1,"minecraft:rotten_flesh":6,"minecraft:oak_door":4,"minecraft:torch":9,"minecraft:dirt":8,"minecraft:crafting_table":6,"minecraft:golden_chestplate":1,"minecraft:wooden_axe":34,"minecraft:stone_axe":50,"minecraft:cobblestone":2,"minecraft:cooked_porkchop":1,"minecraft:furnace":5,"minecraft:cooked_cod":2,"minecraft:oak_boat":1,"minecraft:cooked_beef":2},"minecraft:picked_up":{"minecraft:coarse_dirt":2,"minecraft:crafting_table":2,"minecraft:salmon":2,"minecraft:brown_mushroom":6,"minecraft:oak_log":17,"minecraft:dirt":44,"minecraft:wheat_seeds":1,"minecraft:beef":2,"minecraft:sugar_cane":3,"minecraft:stick":8,"minecraft:raw_iron":25,"minecraft:sandstone":1,"minecraft:oak_door":1,"minecraft:torch":8,"minecraft:acacia_log":8,"minecraft:porkchop":1,"minecraft:sand":47,"minecraft:rotten_flesh":6,"minecraft:slime_ball":12,"minecraft:granite":2,"minecraft:oak_sapling":2,"minecraft:coal":29,"minecraft:cod":8,"minecraft:cobblestone":81},"minecraft:crafted":{"minecraft:cooked_beef":2,"minecraft:cooked_cod":2,"minecraft:oak_door":3,"minecraft:oak_planks":68,"minecraft:cooked_porkchop":1,"minecraft:crafting_table":4,"minecraft:wooden_pickaxe":1,"minecraft:furnace":5,"minecraft:cooked_salmon":2,"minecraft:stone_axe":1,"minecraft:air":0,"minecraft:oak_boat":1,"minecraft:stick":12,"minecraft:iron_ingot":20,"minecraft:stone_pickaxe":1,"minecraft:wooden_axe":1,"minecraft:iron_shovel":1,"minecraft:acacia_planks":28,"minecraft:torch":4}},"DataVersion":3839}