{"stats":{"minecraft:custom":{"minecraft:interact_with_furnace":30,"minecraft:mob_kills":27,"minecraft:interact_with_crafting_table":35,"minecraft:leave_game":4,"minecraft:time_since_death":2184,"minecraft:sleep_in_bed":6,"minecraft:climb_one_cm":2971,"minecraft:time_since_rest":2214,"minecraft:sprint_one_cm":421753,"minecraft:damage_taken":2137,"minecraft:walk_one_cm":166900,"minecraft:drop":2,"minecraft:damage_dealt":3215,"minecraft:swim_one_cm":31697,"minecraft:fly_one_cm":402268,"minecraft:open_chest":17,"minecraft:play_time":89463,"minecraft:crouch_one_cm":5538,"minecraft:sneak_time":1324,"minecraft:deaths":6,"minecraft:walk_under_water_one_cm":6998,"minecraft:boat_one_cm":171808,"minecraft:jump":1888,"minecraft:walk_on_water_one_cm":25517,"minecraft:total_world_time":89463,"minecraft:fall_one_cm":42373},"minecraft:mined":{"minecraft:acacia_leaves":1,"minecraft:white_bed":1,"minecraft:brown_mushroom":1,"minecraft:crafting_table":4,"minecraft:torch":5,"minecraft:granite":9,"minecraft:short_grass":4,"minecraft:acacia_log":15,"minecraft:grass_block":3,"minecraft:chest":1,"minecraft:cobblestone":15,"minecraft:spruce_leaves":8,"minecraft:lapis_ore":4,"minecraft:sugar_cane":7,"minecraft:sandstone":9,"minecraft:wall_torch":3,"minecraft:diorite":27,"minecraft:hay_block":2,"minecraft:magma_block":2,"minecraft:furnace":2,"minecraft:iron_ore":21,"minecraft:andesite":26,"minecraft:oak_log":25,"minecraft:coal_ore":27,"minecraft:dirt_path":3,"minecraft:sand":12,"minecraft:gravel":25,"minecraft:dirt":1,"minecraft:cobweb":1,"minecraft:stone":237,"minecraft:oak_leaves":2},"minecraft:broken":{"minecraft:stone_pickaxe":1},"minecraft:dropped":{"minecraft:gravel":8,"minecraft:wooden_pickaxe":1},"minecraft:killed":{"minecraft:pig":9,"minecraft:sheep":6,"minecraft:skeleton":1,"minecraft:zombie":5,"minecraft:chicken":4,"minecraft:cow":1},"minecraft:killed_by":{"minecraft:creeper":2,"minecraft:zombie":1,"minecraft:iron_golem":1},"minecraft:used":{"minecraft:diorite":8,"minecraft:stone_sword":48,"minecraft:stone_pickaxe":390,"minecraft:stone_shovel":14,"minecraft:chest":3,"minecraft:wooden_pickaxe":27,"minecraft:iron_sword":31,"minecraft:rotten_flesh":4,"minecraft:iron_chestplate":1,"minecraft:torch":60,"minecraft:dirt":3,"minecraft:crafting_table":7,"minecraft:white_bed":2,"minecraft:granite":7,"minecraft:oak_log":1,"minecraft:wooden_axe":17,"minecraft:gravel":3,"minecraft:stone_axe":14,"minecraft:magma_block":1,"minecraft:cobblestone":174,"minecraft:beef":2,"minecraft:furnace":4,"minecraft:cooked_porkchop":10,"minecraft:oak_boat":4,"minecraft:egg":1,"minecraft:iron_leggings":1},"minecraft:crafted":{"minecraft:oak_planks":80,"minecraft:stone_shovel":1,"minecraft:cooked_porkchop":22,"minecraft:crafting_table":4,"minecraft:wooden_pickaxe":1,"minecraft:iron_sword":1,"minecraft:furnace":2,"minecraft:stone_axe":1,"minecraft:air":0,"minecraft:oak_boat":4,"minecraft:iron_chestplate":1,"minecraft:charcoal":7,"minecraft:stick":60,"minecraft:iron_ingot":25,"minecraft:iron_pickaxe":1,"minecraft:stone_pickaxe":5,"minecraft:wooden_axe":1,"minecraft:stone_sword":1,"minecraft:chest":2,"minecraft:iron_leggings":1,"minecraft:white_bed":1,"minecraft:acacia_planks":32,"minecraft:torch":64},"minecraft:picked_up":{"minecraft:wooden_axe":3,"minecraft:charcoal":12,"minecraft:magma_block":4,"minecraft:crafting_table":6,"minecraft:feather":15,"minecraft:chicken":12,"minecraft:andesite":25,"minecraft:leather":1,"minecraft:brown_mushroom":2,"minecraft:wooden_pickaxe":4,"minecraft:flint":8,"minecraft:oak_log":38,"minecraft:lapis_lazuli":104,"minecraft:dirt":16,"minecraft:string":2,"minecraft:bone":1,"minecraft:beef":2,"minecraft:iron_ingot":3,"minecraft:stone_pickaxe":6,"minecraft:iron_pickaxe":1,"minecraft:sugar_cane":36,"minecraft:chest":1,"minecraft:iron_sword":2,"minecraft:oak_planks":30,"minecraft:acacia_sapling":6,"minecraft:egg":5,"minecraft:furnace":2,"minecraft:raw_iron":29,"minecraft:stick":30,"minecraft:sandstone":9,"minecraft:cooked_porkchop":15,"minecraft:torch":22,"minecraft:acacia_log":23,"minecraft:gravel":67,"minecraft:porkchop":22,"minecraft:sand":26,"minecraft:diorite":10,"minecraft:white_bed":1,"minecraft:stone_sword":2,"minecraft:rotten_flesh":31,"minecraft:stone_shovel":2,"minecraft:stone_axe":2,"minecraft:hay_block":2,"minecraft:granite":13,"minecraft:mutton":27,"minecraft:coal":32,"minecraft:white_wool":12,"minecraft:cobblestone":437}},"DataVersion":3839}