{"stats":{"minecraft:custom":{"minecraft:interact_with_furnace":20,"minecraft:mob_kills":26,"minecraft:interact_with_crafting_table":25,"minecraft:leave_game":2,"minecraft:time_since_death":9926,"minecraft:sleep_in_bed":1,"minecraft:climb_one_cm":1797,"minecraft:time_since_rest":10029,"minecraft:sprint_one_cm":237950,"minecraft:damage_taken":990,"minecraft:walk_one_cm":112749,"minecraft:drop":1,"minecraft:damage_dealt":2989,"minecraft:swim_one_cm":30670,"minecraft:fly_one_cm":268625,"minecraft:open_chest":8,"minecraft:crouch_one_cm":5414,"minecraft:play_time":60486,"minecraft:sneak_time":1298,"minecraft:deaths":2,"minecraft:walk_under_water_one_cm":6408,"minecraft:boat_one_cm":96194,"minecraft:jump":1321,"minecraft:walk_on_water_one_cm":15133,"minecraft:total_world_time":60486,"minecraft:fall_one_cm":21795},"minecraft:mined":{"minecraft:acacia_leaves":1,"minecraft:brown_mushroom":1,"minecraft:crafting_table":4,"minecraft:torch":5,"minecraft:granite":9,"minecraft:short_grass":4,"minecraft:acacia_log":15,"minecraft:chest":1,"minecraft:cobblestone":15,"minecraft:spruce_leaves":4,"minecraft:lapis_ore":4,"minecraft:sugar_cane":7,"minecraft:sandstone":9,"minecraft:diorite":27,"minecraft:wall_torch":2,"minecraft:hay_block":2,"minecraft:magma_block":2,"minecraft:furnace":2,"minecraft:iron_ore":15,"minecraft:andesite":24,"minecraft:oak_log":18,"minecraft:coal_ore":27,"minecraft:dirt_path":3,"minecraft:gravel":25,"minecraft:sand":12,"minecraft:dirt":1,"minecraft:stone":233,"minecraft:oak_leaves":1},"minecraft:broken":{"minecraft:stone_pickaxe":1},"minecraft:dropped":{"minecraft:gravel":8},"minecraft:killed":{"minecraft:pig":9,"minecraft:skeleton":1,"minecraft:sheep":6,"minecraft:zombie":5,"minecraft:chicken":4},"minecraft:killed_by":{"minecraft:creeper":1,"minecraft:zombie":1},"minecraft:used":{"minecraft:diorite":8,"minecraft:stone_sword":48,"minecraft:stone_pickaxe":378,"minecraft:stone_shovel":14,"minecraft:chest":2,"minecraft:wooden_pickaxe":26,"minecraft:iron_sword":28,"minecraft:rotten_flesh":1,"minecraft:torch":41,"minecraft:crafting_table":6,"minecraft:white_bed":1,"minecraft:granite":7,"minecraft:wooden_axe":17,"minecraft:gravel":3,"minecraft:stone_axe":14,"minecraft:magma_block":1,"minecraft:cobblestone":174,"minecraft:furnace":4,"minecraft:cooked_porkchop":9,"minecraft:oak_boat":2},"minecraft:crafted":{"minecraft:oak_planks":56,"minecraft:stone_shovel":1,"minecraft:cooked_porkchop":22,"minecraft:crafting_table":3,"minecraft:wooden_pickaxe":1,"minecraft:iron_sword":1,"minecraft:furnace":2,"minecraft:stone_axe":1,"minecraft:air":0,"minecraft:oak_boat":2,"minecraft:charcoal":7,"minecraft:stick":60,"minecraft:iron_ingot":5,"minecraft:iron_pickaxe":1,"minecraft:stone_pickaxe":4,"minecraft:wooden_axe":1,"minecraft:stone_sword":1,"minecraft:chest":1,"minecraft:white_bed":1,"minecraft:acacia_planks":32,"minecraft:torch":48},"minecraft:picked_up":{"minecraft:wooden_axe":3,"minecraft:charcoal":12,"minecraft:crafting_table":5,"minecraft:magma_block":4,"minecraft:feather":15,"minecraft:chicken":12,"minecraft:andesite":24,"minecraft:brown_mushroom":2,"minecraft:wooden_pickaxe":3,"minecraft:flint":8,"minecraft:oak_log":31,"minecraft:lapis_lazuli":104,"minecraft:string":1,"minecraft:dirt":13,"minecraft:bone":1,"minecraft:iron_ingot":3,"minecraft:stone_pickaxe":6,"minecraft:iron_pickaxe":1,"minecraft:acacia_sapling":6,"minecraft:sugar_cane":36,"minecraft:chest":1,"minecraft:oak_planks":18,"minecraft:iron_sword":2,"minecraft:egg":4,"minecraft:furnace":2,"minecraft:stick":30,"minecraft:raw_iron":23,"minecraft:sandstone":9,"minecraft:cooked_porkchop":15,"minecraft:torch":21,"minecraft:acacia_log":23,"minecraft:gravel":67,"minecraft:porkchop":22,"minecraft:sand":26,"minecraft:diorite":10,"minecraft:stone_sword":2,"minecraft:rotten_flesh":25,"minecraft:stone_shovel":2,"minecraft:stone_axe":2,"minecraft:hay_block":2,"minecraft:granite":13,"minecraft:mutton":27,"minecraft:coal":32,"minecraft:white_wool":12,"minecraft:cobblestone":433}},"DataVersion":3839}