{"stats":{"minecraft:custom":{"minecraft:interact_with_furnace":19,"minecraft:mob_kills":21,"minecraft:interact_with_crafting_table":24,"minecraft:leave_game":2,"minecraft:time_since_death":2199,"minecraft:sleep_in_bed":1,"minecraft:climb_one_cm":1797,"minecraft:time_since_rest":2302,"minecraft:sprint_one_cm":193727,"minecraft:damage_taken":760,"minecraft:walk_one_cm":85954,"minecraft:drop":1,"minecraft:damage_dealt":1930,"minecraft:swim_one_cm":30670,"minecraft:fly_one_cm":257715,"minecraft:open_chest":8,"minecraft:crouch_one_cm":5095,"minecraft:play_time":52759,"minecraft:deaths":2,"minecraft:sneak_time":1067,"minecraft:walk_under_water_one_cm":6408,"minecraft:boat_one_cm":96194,"minecraft:jump":1247,"minecraft:walk_on_water_one_cm":14902,"minecraft:total_world_time":52759,"minecraft:fall_one_cm":20690},"minecraft:mined":{"minecraft:acacia_leaves":1,"minecraft:brown_mushroom":1,"minecraft:crafting_table":4,"minecraft:torch":5,"minecraft:granite":9,"minecraft:short_grass":4,"minecraft:acacia_log":15,"minecraft:chest":1,"minecraft:cobblestone":15,"minecraft:spruce_leaves":4,"minecraft:lapis_ore":4,"minecraft:wall_torch":1,"minecraft:sugar_cane":7,"minecraft:sandstone":9,"minecraft:diorite":24,"minecraft:hay_block":2,"minecraft:magma_block":2,"minecraft:furnace":2,"minecraft:iron_ore":4,"minecraft:andesite":24,"minecraft:oak_log":18,"minecraft:coal_ore":15,"minecraft:dirt_path":3,"minecraft:gravel":24,"minecraft:sand":12,"minecraft:dirt":1,"minecraft:stone":232,"minecraft:oak_leaves":1},"minecraft:broken":{"minecraft:stone_pickaxe":1},"minecraft:dropped":{"minecraft:gravel":8},"minecraft:killed":{"minecraft:pig":9,"minecraft:sheep":6,"minecraft:zombie":1,"minecraft:chicken":4},"minecraft:killed_by":{"minecraft:creeper":1,"minecraft:zombie":1},"minecraft:used":{"minecraft:diorite":8,"minecraft:stone_sword":48,"minecraft:stone_shovel":14,"minecraft:stone_pickaxe":349,"minecraft:chest":2,"minecraft:wooden_pickaxe":26,"minecraft:iron_sword":5,"minecraft:rotten_flesh":1,"minecraft:torch":15,"minecraft:crafting_table":5,"minecraft:white_bed":1,"minecraft:granite":7,"minecraft:wooden_axe":17,"minecraft:gravel":3,"minecraft:stone_axe":14,"minecraft:magma_block":1,"minecraft:cobblestone":167,"minecraft:furnace":3,"minecraft:cooked_porkchop":7,"minecraft:oak_boat":2},"minecraft:crafted":{"minecraft:oak_planks":56,"minecraft:stone_shovel":1,"minecraft:cooked_porkchop":22,"minecraft:crafting_table":2,"minecraft:wooden_pickaxe":1,"minecraft:iron_sword":1,"minecraft:furnace":1,"minecraft:stone_axe":1,"minecraft:air":0,"minecraft:oak_boat":2,"minecraft:charcoal":7,"minecraft:stick":52,"minecraft:iron_ingot":5,"minecraft:iron_pickaxe":1,"minecraft:stone_pickaxe":4,"minecraft:wooden_axe":1,"minecraft:stone_sword":1,"minecraft:chest":1,"minecraft:white_bed":1,"minecraft:acacia_planks":32,"minecraft:torch":12},"minecraft:picked_up":{"minecraft:wooden_axe":2,"minecraft:charcoal":8,"minecraft:magma_block":4,"minecraft:crafting_table":4,"minecraft:feather":10,"minecraft:chicken":8,"minecraft:andesite":24,"minecraft:brown_mushroom":2,"minecraft:wooden_pickaxe":2,"minecraft:flint":8,"minecraft:oak_log":27,"minecraft:lapis_lazuli":78,"minecraft:dirt":9,"minecraft:iron_ingot":3,"minecraft:stone_pickaxe":3,"minecraft:sugar_cane":24,"minecraft:chest":1,"minecraft:iron_sword":1,"minecraft:oak_planks":7,"minecraft:acacia_sapling":6,"minecraft:egg":4,"minecraft:furnace":2,"minecraft:stick":1,"minecraft:raw_iron":8,"minecraft:sandstone":9,"minecraft:torch":16,"minecraft:acacia_log":23,"minecraft:gravel":44,"minecraft:porkchop":22,"minecraft:sand":14,"minecraft:diorite":8,"minecraft:stone_shovel":1,"minecraft:stone_sword":1,"minecraft:rotten_flesh":13,"minecraft:stone_axe":1,"minecraft:hay_block":2,"minecraft:granite":13,"minecraft:mutton":18,"minecraft:coal":15,"minecraft:white_wool":9,"minecraft:cobblestone":374}},"DataVersion":3839}