{"stats":{"minecraft:custom":{"minecraft:interact_with_furnace":12,"minecraft:mob_kills":20,"minecraft:interact_with_crafting_table":12,"minecraft:leave_game":1,"minecraft:time_since_death":36805,"minecraft:climb_one_cm":1797,"minecraft:time_since_rest":36805,"minecraft:sprint_one_cm":156352,"minecraft:damage_taken":336,"minecraft:walk_one_cm":55669,"minecraft:damage_dealt":1832,"minecraft:swim_one_cm":25999,"minecraft:fly_one_cm":232343,"minecraft:open_chest":5,"minecraft:crouch_one_cm":4635,"minecraft:play_time":36805,"minecraft:sneak_time":1003,"minecraft:walk_under_water_one_cm":4749,"minecraft:jump":1061,"minecraft:walk_on_water_one_cm":13609,"minecraft:total_world_time":36805,"minecraft:fall_one_cm":18211},"minecraft:mined":{"minecraft:acacia_leaves":1,"minecraft:brown_mushroom":1,"minecraft:crafting_table":4,"minecraft:torch":5,"minecraft:granite":9,"minecraft:short_grass":4,"minecraft:acacia_log":15,"minecraft:chest":1,"minecraft:cobblestone":8,"minecraft:lapis_ore":4,"minecraft:sugar_cane":7,"minecraft:diorite":8,"minecraft:magma_block":1,"minecraft:furnace":2,"minecraft:iron_ore":4,"minecraft:oak_log":15,"minecraft:coal_ore":10,"minecraft:gravel":8,"minecraft:dirt":1,"minecraft:stone":168,"minecraft:oak_leaves":1},"minecraft:broken":{"minecraft:stone_pickaxe":1},"minecraft:killed":{"minecraft:pig":9,"minecraft:sheep":6,"minecraft:zombie":1,"minecraft:chicken":4},"minecraft:used":{"minecraft:diorite":8,"minecraft:stone_sword":48,"minecraft:stone_pickaxe":202,"minecraft:chest":1,"minecraft:wooden_pickaxe":26,"minecraft:iron_sword":1,"minecraft:rotten_flesh":1,"minecraft:torch":7,"minecraft:crafting_table":4,"minecraft:granite":7,"minecraft:wooden_axe":17,"minecraft:gravel":3,"minecraft:stone_axe":14,"minecraft:magma_block":1,"minecraft:cobblestone":124,"minecraft:furnace":2,"minecraft:cooked_porkchop":6},"minecraft:crafted":{"minecraft:oak_planks":24,"minecraft:cooked_porkchop":6,"minecraft:crafting_table":1,"minecraft:wooden_pickaxe":1,"minecraft:iron_sword":1,"minecraft:furnace":1,"minecraft:stone_axe":1,"minecraft:air":0,"minecraft:charcoal":7,"minecraft:stick":20,"minecraft:iron_ingot":5,"minecraft:stone_pickaxe":3,"minecraft:wooden_axe":1,"minecraft:stone_sword":1,"minecraft:chest":1,"minecraft:acacia_planks":16,"minecraft:torch":12},"minecraft:picked_up":{"minecraft:wooden_axe":1,"minecraft:charcoal":4,"minecraft:magma_block":2,"minecraft:crafting_table":4,"minecraft:feather":5,"minecraft:chicken":4,"minecraft:brown_mushroom":1,"minecraft:wooden_pickaxe":1,"minecraft:flint":4,"minecraft:oak_log":15,"minecraft:lapis_lazuli":52,"minecraft:dirt":2,"minecraft:stone_pickaxe":1,"minecraft:sugar_cane":12,"minecraft:chest":1,"minecraft:oak_planks":7,"minecraft:acacia_sapling":4,"minecraft:egg":2,"minecraft:furnace":2,"minecraft:raw_iron":4,"minecraft:torch":5,"minecraft:acacia_log":19,"minecraft:gravel":22,"minecraft:porkchop":22,"minecraft:diorite":8,"minecraft:rotten_flesh":5,"minecraft:granite":11,"minecraft:mutton":9,"minecraft:coal":10,"minecraft:white_wool":6,"minecraft:cobblestone":278}},"DataVersion":3839}