{"stats":{"minecraft:custom":{"minecraft:interact_with_furnace":12,"minecraft:mob_kills":14,"minecraft:animals_bred":5,"minecraft:interact_with_crafting_table":13,"minecraft:leave_game":6,"minecraft:time_since_death":0,"minecraft:sleep_in_bed":2,"minecraft:time_since_rest":393,"minecraft:sprint_one_cm":83919,"minecraft:damage_taken":745,"minecraft:walk_one_cm":178335,"minecraft:damage_dealt":2327,"minecraft:swim_one_cm":25683,"minecraft:talked_to_villager":1,"minecraft:fly_one_cm":123947,"minecraft:open_chest":5,"minecraft:crouch_one_cm":619,"minecraft:play_time":56890,"minecraft:deaths":2,"minecraft:sneak_time":450,"minecraft:walk_under_water_one_cm":3661,"minecraft:boat_one_cm":19904,"minecraft:jump":691,"minecraft:walk_on_water_one_cm":7313,"minecraft:total_world_time":56890,"minecraft:fall_one_cm":11300},"minecraft:mined":{"minecraft:white_bed":1,"minecraft:oak_fence":1,"minecraft:crafting_table":2,"minecraft:torch":2,"minecraft:short_grass":100,"minecraft:acacia_log":7,"minecraft:poppy":1,"minecraft:tall_grass":1,"minecraft:cobblestone":14,"minecraft:oak_planks":1,"minecraft:diorite":47,"minecraft:sandstone":15,"minecraft:furnace":1,"minecraft:iron_ore":14,"minecraft:andesite":85,"minecraft:oak_log":20,"minecraft:coal_ore":23,"minecraft:oak_fence_gate":1,"minecraft:dirt":1,"minecraft:gravel":6,"minecraft:sand":21,"minecraft:stone":230,"minecraft:oak_leaves":2,"minecraft:deepslate":19},"minecraft:broken":{"minecraft:stone_pickaxe":4},"minecraft:killed":{"minecraft:pig":1,"minecraft:spider":1,"minecraft:sheep":1,"minecraft:horse":4,"minecraft:zombie":2,"minecraft:chicken":4,"minecraft:drowned":1},"minecraft:killed_by":{"minecraft:player":1,"minecraft:zombie":1},"minecraft:used":{"minecraft:oak_fence":18,"minecraft:stone_sword":72,"minecraft:stone_pickaxe":433,"minecraft:chest":1,"minecraft:wooden_pickaxe":25,"minecraft:sandstone":15,"minecraft:cooked_chicken":1,"minecraft:rotten_flesh":2,"minecraft:torch":27,"minecraft:sand":4,"minecraft:crafting_table":3,"minecraft:white_bed":1,"minecraft:oak_fence_gate":1,"minecraft:wooden_axe":25,"minecraft:apple":1,"minecraft:gravel":1,"minecraft:cobblestone":20,"minecraft:furnace":2,"minecraft:oak_sapling":2,"minecraft:cooked_porkchop":3,"minecraft:egg":17,"minecraft:acacia_planks":5},"minecraft:crafted":{"minecraft:oak_planks":76,"minecraft:cooked_porkchop":3,"minecraft:crafting_table":1,"minecraft:wooden_pickaxe":1,"minecraft:cooked_chicken":4,"minecraft:iron_sword":1,"minecraft:furnace":1,"minecraft:bucket":1,"minecraft:cooked_mutton":1,"minecraft:air":0,"minecraft:iron_chestplate":1,"minecraft:stick":32,"minecraft:iron_ingot":14,"minecraft:stone_pickaxe":4,"minecraft:wooden_axe":1,"minecraft:stone_sword":1,"minecraft:chest":1,"minecraft:acacia_planks":28,"minecraft:torch":24,"minecraft:oak_fence":18},"minecraft:picked_up":{"minecraft:wooden_axe":1,"minecraft:crafting_table":2,"minecraft:feather":6,"minecraft:chicken":4,"minecraft:andesite":170,"minecraft:leather":10,"minecraft:tuff":7,"minecraft:oak_log":19,"minecraft:dirt":1,"minecraft:cooked_mutton":1,"minecraft:apple":1,"minecraft:wheat_seeds":11,"minecraft:cobbled_deepslate":33,"minecraft:raw_gold":1,"minecraft:stone_pickaxe":2,"minecraft:oak_fence_gate":1,"minecraft:cooked_chicken":4,"minecraft:poppy":2,"minecraft:oak_planks":44,"minecraft:egg":19,"minecraft:furnace":1,"minecraft:stick":3,"minecraft:raw_iron":14,"minecraft:sandstone":17,"minecraft:oak_fence":1,"minecraft:torch":3,"minecraft:acacia_log":7,"minecraft:gravel":3,"minecraft:porkchop":3,"minecraft:sand":38,"minecraft:diorite":95,"minecraft:white_bed":1,"minecraft:spider_eye":3,"minecraft:stone_sword":3,"minecraft:rotten_flesh":8,"minecraft:sugar":1,"minecraft:gray_wool":1,"minecraft:oak_sapling":4,"minecraft:black_wool":2,"minecraft:mutton":1,"minecraft:coal":28,"minecraft:cobblestone":444}},"DataVersion":3839}