{"stats":{"minecraft:custom":{"minecraft:interact_with_furnace":7,"minecraft:mob_kills":11,"minecraft:animals_bred":3,"minecraft:interact_with_crafting_table":7,"minecraft:leave_game":2,"minecraft:time_since_death":28515,"minecraft:time_since_rest":28515,"minecraft:sprint_one_cm":43181,"minecraft:damage_taken":170,"minecraft:walk_one_cm":128966,"minecraft:damage_dealt":1379,"minecraft:swim_one_cm":25683,"minecraft:talked_to_villager":1,"minecraft:fly_one_cm":102720,"minecraft:crouch_one_cm":133,"minecraft:play_time":28515,"minecraft:sneak_time":49,"minecraft:walk_under_water_one_cm":3661,"minecraft:boat_one_cm":19904,"minecraft:jump":430,"minecraft:walk_on_water_one_cm":6668,"minecraft:total_world_time":28515,"minecraft:fall_one_cm":10215},"minecraft:mined":{"minecraft:white_bed":1,"minecraft:oak_fence":1,"minecraft:crafting_table":2,"minecraft:torch":2,"minecraft:short_grass":81,"minecraft:acacia_log":7,"minecraft:tall_grass":1,"minecraft:cobblestone":13,"minecraft:oak_planks":1,"minecraft:sandstone":14,"minecraft:furnace":1,"minecraft:oak_log":6,"minecraft:coal_ore":6,"minecraft:oak_fence_gate":1,"minecraft:sand":21,"minecraft:dirt":1,"minecraft:stone":36},"minecraft:killed":{"minecraft:pig":1,"minecraft:sheep":1,"minecraft:horse":4,"minecraft:zombie":1,"minecraft:chicken":4},"minecraft:used":{"minecraft:oak_fence":18,"minecraft:stone_sword":40,"minecraft:stone_pickaxe":49,"minecraft:wooden_pickaxe":25,"minecraft:rotten_flesh":2,"minecraft:crafting_table":3,"minecraft:white_bed":1,"minecraft:oak_fence_gate":1,"minecraft:wooden_axe":9,"minecraft:apple":1,"minecraft:cobblestone":20,"minecraft:furnace":2,"minecraft:oak_sapling":2,"minecraft:cooked_porkchop":3,"minecraft:egg":9,"minecraft:acacia_planks":5},"minecraft:crafted":{"minecraft:oak_planks":24,"minecraft:cooked_porkchop":3,"minecraft:crafting_table":1,"minecraft:wooden_pickaxe":1,"minecraft:furnace":1,"minecraft:air":0,"minecraft:stick":24,"minecraft:stone_pickaxe":1,"minecraft:wooden_axe":1,"minecraft:stone_sword":1,"minecraft:acacia_planks":28,"minecraft:oak_fence":18},"minecraft:picked_up":{"minecraft:crafting_table":2,"minecraft:feather":3,"minecraft:chicken":4,"minecraft:leather":5,"minecraft:tuff":7,"minecraft:oak_log":6,"minecraft:dirt":1,"minecraft:apple":1,"minecraft:wheat_seeds":9,"minecraft:cobbled_deepslate":1,"minecraft:raw_gold":1,"minecraft:oak_fence_gate":1,"minecraft:stone_pickaxe":1,"minecraft:oak_planks":1,"minecraft:furnace":1,"minecraft:egg":9,"minecraft:stick":3,"minecraft:sandstone":14,"minecraft:oak_fence":1,"minecraft:torch":3,"minecraft:acacia_log":7,"minecraft:porkchop":3,"minecraft:sand":21,"minecraft:diorite":1,"minecraft:white_bed":1,"minecraft:spider_eye":3,"minecraft:stone_sword":1,"minecraft:rotten_flesh":2,"minecraft:sugar":1,"minecraft:gray_wool":1,"minecraft:oak_sapling":2,"minecraft:black_wool":2,"minecraft:mutton":1,"minecraft:coal":5,"minecraft:cobblestone":49}},"DataVersion":3839}