{"stats":{"minecraft:custom":{"minecraft:time_since_rest":21019,"minecraft:interact_with_furnace":4,"minecraft:sprint_one_cm":30801,"minecraft:damage_taken":170,"minecraft:walk_one_cm":96173,"minecraft:mob_kills":10,"minecraft:animals_bred":2,"minecraft:damage_dealt":1339,"minecraft:swim_one_cm":25683,"minecraft:interact_with_crafting_table":7,"minecraft:fly_one_cm":84027,"minecraft:crouch_one_cm":133,"minecraft:play_time":21019,"minecraft:sneak_time":40,"minecraft:walk_under_water_one_cm":2269,"minecraft:boat_one_cm":19904,"minecraft:jump":352,"minecraft:leave_game":2,"minecraft:walk_on_water_one_cm":5265,"minecraft:time_since_death":21019,"minecraft:total_world_time":21019,"minecraft:fall_one_cm":8752},"minecraft:mined":{"minecraft:white_bed":1,"minecraft:furnace":1,"minecraft:crafting_table":2,"minecraft:short_grass":41,"minecraft:acacia_log":7,"minecraft:coal_ore":1,"minecraft:oak_log":6,"minecraft:dirt":1,"minecraft:tall_grass":1,"minecraft:cobblestone":13,"minecraft:stone":25,"minecraft:oak_planks":1},"minecraft:killed":{"minecraft:sheep":1,"minecraft:horse":4,"minecraft:zombie":1,"minecraft:pig":1,"minecraft:chicken":3},"minecraft:used":{"minecraft:oak_fence":18,"minecraft:wooden_axe":7,"minecraft:apple":1,"minecraft:stone_sword":36,"minecraft:stone_pickaxe":16,"minecraft:wooden_pickaxe":25,"minecraft:rotten_flesh":2,"minecraft:cobblestone":20,"minecraft:cooked_porkchop":1,"minecraft:crafting_table":3,"minecraft:furnace":2,"minecraft:white_bed":1,"minecraft:acacia_planks":5},"minecraft:crafted":{"minecraft:oak_planks":24,"minecraft:cooked_porkchop":1,"minecraft:crafting_table":1,"minecraft:stick":24,"minecraft:wooden_pickaxe":1,"minecraft:stone_pickaxe":1,"minecraft:wooden_axe":1,"minecraft:stone_sword":1,"minecraft:furnace":1,"minecraft:acacia_planks":28,"minecraft:oak_fence":18,"minecraft:air":0},"minecraft:picked_up":{"minecraft:stick":3,"minecraft:crafting_table":2,"minecraft:feather":3,"minecraft:chicken":3,"minecraft:leather":5,"minecraft:torch":1,"minecraft:acacia_log":7,"minecraft:porkchop":3,"minecraft:tuff":7,"minecraft:oak_log":6,"minecraft:diorite":1,"minecraft:white_bed":1,"minecraft:spider_eye":3,"minecraft:dirt":1,"minecraft:stone_sword":1,"minecraft:sugar":1,"minecraft:rotten_flesh":2,"minecraft:apple":1,"minecraft:wheat_seeds":6,"minecraft:cobbled_deepslate":1,"minecraft:raw_gold":1,"minecraft:stone_pickaxe":1,"minecraft:gray_wool":1,"minecraft:oak_sapling":2,"minecraft:black_wool":2,"minecraft:coal":1,"minecraft:mutton":1,"minecraft:oak_planks":1,"minecraft:furnace":1,"minecraft:cobblestone":38,"minecraft:egg":4}},"DataVersion":3839}