{"stats":{"minecraft:custom":{"minecraft:time_since_rest":7345,"minecraft:crouch_one_cm":122,"minecraft:play_time":7345,"minecraft:sprint_one_cm":19317,"minecraft:damage_taken":110,"minecraft:walk_one_cm":16432,"minecraft:sneak_time":32,"minecraft:walk_under_water_one_cm":676,"minecraft:mob_kills":3,"minecraft:jump":221,"minecraft:damage_dealt":609,"minecraft:leave_game":1,"minecraft:walk_on_water_one_cm":251,"minecraft:time_since_death":7345,"minecraft:total_world_time":7345,"minecraft:swim_one_cm":4703,"minecraft:fall_one_cm":7916,"minecraft:interact_with_crafting_table":2,"minecraft:fly_one_cm":60179},"minecraft:mined":{"minecraft:short_grass":1,"minecraft:acacia_log":7,"minecraft:stone":25,"minecraft:crafting_table":1},"minecraft:killed":{"minecraft:horse":2,"minecraft:zombie":1},"minecraft:used":{"minecraft:rotten_flesh":2,"minecraft:stone_sword":15,"minecraft:crafting_table":1,"minecraft:wooden_pickaxe":25},"minecraft:picked_up":{"minecraft:crafting_table":1,"minecraft:rotten_flesh":2,"minecraft:leather":1,"minecraft:acacia_log":7,"minecraft:cobblestone":25},"minecraft:crafted":{"minecraft:stone_sword":1,"minecraft:acacia_planks":28,"minecraft:crafting_table":1,"minecraft:stick":8,"minecraft:wooden_pickaxe":1,"minecraft:stone_pickaxe":1}},"DataVersion":3839}